project_name,maturity,tag,accepted_date,sandbox_date,incubating_date,graduated_date,archived_date,num_security_audits,last_security_audit_date
eclipse adaaa (adaptive cruise control demo application for adaptive autosar),Archived,,,,,,,0,
eclipse ambient light services,Incubating,,,,,,,0,
eclipse ankaios,Incubating,,,,,,,0,
eclipse arche,Incubating,,,,,,,0,
eclipse automotive api framework,Incubating,,,,,,,0,
eclipse automotive integration for autosd,Incubating,,,,,,,0,
eclipse autowrx,Incubating,,,,,,,0,
eclipse backend function bindings (bfb),Archived,,,,,,,0,
eclipse bluechiâ„¢,Regular,,,,,,,0,
eclipse canought,Incubating,,,,,,,0,
eclipse chariott,Incubating,,,,,,,0,
eclipse ecal (enhanced communication abstraction layer),Incubating,,,,,,,0,
eclipse heimlig,Incubating,,,,,,,0,
eclipse ibeji,Incubating,,,,,,,0,
eclipse iceoryx,Regular,,,,,,,0,
eclipse kuksa,Incubating,,,,,,,0,
eclipse leda,Incubating,,,,,,,0,
eclipse leda incubator,Incubating,,,,,,,0,
eclipse lmos,Incubating,,,,,,,0,
eclipse moec,Archived,,,,,,,0,
eclipse muto,Incubating,,,,,,,0,
eclipse muto,Incubating,,,,,,,0,
eclipse open vehicle api,Incubating,,,,,,,0,
eclipse openbsw,Incubating,,,,,,,0,
eclipse opendut,Incubating,,,,,,,0,
eclipse opensovd,Incubating,,,,,,,0,
eclipse openxilenv,Incubating,,,,,,,0,
eclipse p3com,Incubating,,,,,,,0,
eclipse pullpiri,Incubating,,,,,,,0,
eclipse safe open vehicle core,Incubating,,,,,,,0,
eclipse sdv blueprints,Incubating,,,,,,,0,
eclipse sdv developer console,Incubating,,,,,,,0,
eclipse sdv-lvl ,Incubating,,,,,,,0,
eclipse sommr,Archived,,,,,,,0,
eclipse symphony,Incubating,,,,,,,0,
eclipse threadx,Incubating,,,,,,,0,
eclipse trustable software framework,Incubating,,,,,,,0,
eclipse uprotocol,Incubating,,,,,,,0,
eclipse velocitas,Incubating,,,,,,,0,
eclipse zenoh,Incubating,,,,,,,0,
